audio/GamePlaylist/Ludum Dare 28 - Track 2.wav,
audio/GamePlaylist/Ludum Dare 28 - Track 4.wav,
audio/GamePlaylist/Ludum Dare 28 - Track 7.wav,
audio/GamePlaylist/Ludum Dare 30 - Track 1.wav,
audio/GamePlaylist/Ludum Dare 30 - Track 3.wav,
audio/GamePlaylist/Ludum Dare 30 - Track 6.wav,
audio/GamePlaylist/Ludum Dare 32 - Track 2.wav,
audio/GamePlaylist/Ludum Dare 32 - Track 3.wav,
audio/GamePlaylist/Ludum Dare 32 - Track 5.wav,
audio/GamePlaylist/Ludum Dare 38 - Track 3.wav,
audio/GamePlaylist/Ludum Dare 38 - Track 5.wav,
audio/GamePlaylist/Ludum Dare 38 - Track 7.wav,
audio/GamePlaylist/Ludum Dare 38 - Track 10.wav,
audio/GamePlaylist/Nuke Death.wav,
audio/GamePlaylist/Patreon Goal Reward Loops - Track 01.wav,
audio/GamePlaylist/Patreon Goal Reward Loops - Track 02.wav,
audio/GamePlaylist/Patreon Goal Reward Loops - Track 03.wav,
audio/GamePlaylist/Patreon Goal Reward Loops - Track 04.wav,
audio/GamePlaylist/Patreon Goal Reward Loops - Track 05.wav,
audio/GamePlaylist/Patreon Goal Reward Loops - Track 09.wav,
audio/GamePlaylist/Patreon Goal Reward Loops - Track 11.wav,
audio/GamePlaylist/Patreon Goal Reward Loops - Track 13.wav,
audio/GamePlaylist/Patreon Goal Reward Loops - Track 14.wav,
audio/GamePlaylist/VGMA Challenge - July 1st.wav,
audio/GamePlaylist/VGMA Challenge - July 5th.wav,
audio/GamePlaylist/VGMA Challenge - July 10th.wav,
audio/GamePlaylist/VGMA Challenge - July 12th.wav,
audio/GamePlaylist/VGMA Challenge - July 16th.wav,
audio/GamePlaylist/VGMA Challenge - July 17th.wav,
audio/GamePlaylist/VGMA Challenge - July 18th.wav,
audio/GamePlaylist/VGMA Challenge - July 19th.wav,
audio/GamePlaylist/VGMA Challenge - July 26th.wav,
audio/GamePlaylist/VGMA Challenge - July 27th.wav,
audio/GamePlaylist/VGMA Challenge - July 28th.wav